{
  "environment": {
    "timestamp": "2026-07-02 18:43:26",
    "hardware": {
      "cpu": "12th Gen Intel(R) Core(TM) i5-12450H",
      "cores": 12,
      "ram_gb": 15.0,
      "gpu": "None"
    },
    "software": {
      "os": "Linux 7.0.14-arch1-1",
      "python": "3.13.14",
      "graphyra_version": "v0.3.0",
      "git_commit": "83c4938"
    },
    "config": {
      "profile": "quality",
      "chunks_limit": 200
    }
  },
  "embedding_benchmarks": {},
  "backend_benchmarks": {},
  "quality_benchmarks": {
    "Entity_Only": {
      "Precision@5": 0.24000000000000005,
      "Recall@5": 0.6,
      "Precision@10": 0.12000000000000002,
      "Recall@10": 0.6,
      "MRR": 0.45327868852459013,
      "avg_latency_ms": 0.0
    },
    "Semantic_Only": {
      "Precision@5": 0.08,
      "Recall@5": 0.2,
      "Precision@10": 0.06000000000000001,
      "Recall@10": 0.4,
      "MRR": 0.4333333333333333,
      "avg_latency_ms": 0.0
    },
    "Candidate_Fusion": {
      "Precision@5": 0.24000000000000005,
      "Recall@5": 0.6,
      "Precision@10": 0.12000000000000002,
      "Recall@10": 0.6,
      "MRR": 0.4515609800757602,
      "avg_latency_ms": 0.0
    },
    "semantic_anchor_discovery_rate": 1.0,
    "graph_traversal_success_rate": 1.0,
    "strategies": {
      "RRFStrategy": {
        "Precision@5": 0.12000000000000002,
        "Recall@5": 0.4,
        "Precision@10": 0.08,
        "Recall@10": 0.5,
        "MRR": 0.3704945054945055,
        "avg_latency_ms": 336.3813877105713
      },
      "TraversalPriorityStrategy": {
        "Precision@5": 0.12000000000000002,
        "Recall@5": 0.4,
        "Precision@10": 0.08,
        "Recall@10": 0.5,
        "MRR": 0.476318407960199,
        "avg_latency_ms": 334.0630054473877
      },
      "WeightedScoreStrategy": {
        "Precision@5": 0.12000000000000002,
        "Recall@5": 0.4,
        "Precision@10": 0.08,
        "Recall@10": 0.5,
        "MRR": 0.476318407960199,
        "avg_latency_ms": 335.4273796081543
      },
      "TraversalOnlyStrategy": {
        "Precision@5": 0.24000000000000005,
        "Recall@5": 0.6,
        "Precision@10": 0.12000000000000002,
        "Recall@10": 0.6,
        "MRR": 0.4515609800757602,
        "avg_latency_ms": 338.87338638305664
      },
      "LexicalOnlyStrategy": {
        "Precision@5": 0.12000000000000002,
        "Recall@5": 0.3,
        "Precision@10": 0.08,
        "Recall@10": 0.5,
        "MRR": 0.476231884057971,
        "avg_latency_ms": 349.6799945831299
      },
      "SemanticOnlyStrategy": {
        "Precision@5": 0.12000000000000002,
        "Recall@5": 0.4,
        "Precision@10": 0.06000000000000001,
        "Recall@10": 0.4,
        "MRR": 0.4562274618585298,
        "avg_latency_ms": 342.5366401672363
      },
      "GraphCentricStrategy": {
        "Precision@5": 0.12000000000000002,
        "Recall@5": 0.4,
        "Precision@10": 0.08,
        "Recall@10": 0.5,
        "MRR": 0.4765079365079365,
        "avg_latency_ms": 342.08030700683594
      }
    }
  }
}